{"cameraMode":{"drawMode":0,"name":"Shaded","section":"Shading Mode"},"sceneLighting":false,"audioPlay":false,"sceneViewState":{"m_AlwaysRefresh":false,"showFog":true,"showSkybox":false,"showFlares":true,"showImageEffects":true,"showParticleSystems":true,"showVisualEffectGraphs":true,"m_FxEnabled":true},"in2DMode":false,"pivot":{"x":0.06210803985595703,"y":0.15250205993652345,"z":0.12088549137115479},"rotation":{"x":-0.10751107335090637,"y":0.8239124417304993,"z":-0.1668432503938675,"w":-0.5308914184570313},"size":2.1259260177612306,"orthographic":false}