{"cameraMode":{"drawMode":0,"name":"Shaded","section":"Shading Mode"},"sceneLighting":false,"audioPlay":false,"sceneViewState":{"m_AlwaysRefresh":false,"showFog":false,"showSkybox":false,"showFlares":false,"showImageEffects":false,"showParticleSystems":false,"showVisualEffectGraphs":true,"m_FxEnabled":true},"in2DMode":false,"pivot":{"x":0.09396106004714966,"y":0.8344236612319946,"z":0.08666768670082092},"rotation":{"x":0.0044562784023582939,"y":0.13904662430286408,"z":-0.000625716638751328,"w":0.9902756810188294},"size":1.7462143898010255,"orthographic":false}