{"cameraMode":{"drawMode":0,"name":"Shaded","section":"Shading Mode"},"sceneLighting":false,"audioPlay":false,"sceneViewState":{"m_AlwaysRefresh":false,"showFog":true,"showSkybox":false,"showFlares":true,"showImageEffects":true,"showParticleSystems":true,"showVisualEffectGraphs":true,"m_FxEnabled":true},"in2DMode":false,"pivot":{"x":-0.16136455535888673,"y":9.436552047729493,"z":-1.5858993530273438},"rotation":{"x":-0.029442500323057176,"y":0.7765020132064819,"z":-0.036361124366521838,"w":-0.6284360885620117},"size":18.9220027923584,"orthographic":false}