{"cameraMode":{"drawMode":0,"name":"Shaded","section":"Shading Mode"},"sceneLighting":true,"audioPlay":false,"sceneViewState":{"m_AlwaysRefresh":false,"showFog":true,"showSkybox":false,"showFlares":true,"showImageEffects":true,"showParticleSystems":true,"showVisualEffectGraphs":true,"m_FxEnabled":true},"in2DMode":false,"pivot":{"x":-4.2763752937316898,"y":2.3799972534179689,"z":0.09972381591796875},"rotation":{"x":0.06375826150178909,"y":-0.7700279951095581,"z":0.07786118239164353,"w":0.630094587802887},"size":24.24871063232422,"orthographic":false}