{"cameraMode":{"drawMode":0,"name":"Shaded","section":"Shading Mode"},"sceneLighting":false,"audioPlay":false,"sceneViewState":{"m_AlwaysRefresh":false,"showFog":true,"showSkybox":false,"showFlares":true,"showImageEffects":true,"showParticleSystems":true,"showVisualEffectGraphs":true,"m_FxEnabled":true},"in2DMode":false,"pivot":{"x":0.03280067443847656,"y":3.989776134490967,"z":0.019495010375976564},"rotation":{"x":0.007077406160533428,"y":0.6468872427940369,"z":-0.006035835016518831,"w":0.7625888586044312},"size":4.831264019012451,"orthographic":false}