{"cameraMode":{"drawMode":0,"name":"Shaded","section":"Shading Mode"},"sceneLighting":false,"audioPlay":false,"sceneViewState":{"m_AlwaysRefresh":false,"showFog":true,"showSkybox":false,"showFlares":true,"showImageEffects":true,"showParticleSystems":true,"showVisualEffectGraphs":true,"m_FxEnabled":true},"in2DMode":false,"pivot":{"x":169.23622131347657,"y":126.56455993652344,"z":1.5057029724121094},"rotation":{"x":-0.0059350659139454369,"y":0.9926924109458923,"z":-0.054861485958099368,"w":-0.107341468334198},"size":309.0887756347656,"orthographic":false}